AK&M;Fitch Ratings;Moody's;S&P;and;bank;capital;day_term;dep_name;min_amount;payments_daily;payments_end;payments_monthly;payments_section;profit;rate;refill;spec_deposit;HPA;RUS-Rating;ExpertRA
;;Baa1.ru;ruBBB+;;Совкомбанк;;365.0;«Максимальный доход (с возможностью досрочного расторжения каждые 12 месяцев)»;5000.0;;1.0;;;10500.0;10.5;1.0;0.0;;AA-;A+
;;;;;Национальный Банк «Траст»;;367.0;«Золото 2014!»;30000.0;;1.0;;;10558.0;10.5;1.0;0.0;;A-;A
;;Baa1.ru;ruA-;;Внешпромбанк;;367.0;«Новый специальный»;100000.0;;1.0;;;10507.0;10.45;1.0;1.0;AA-;;
;;Baa1.ru;ruA-;;Внешпромбанк;;367.0;«Новый лояльный»;100000.0;;1.0;;;10457.0;10.4;1.0;1.0;AA-;;
;;Baa1.ru;ruA-;;Внешпромбанк;;367.0;«Новый лояльный VIP»;100000.0;;1.0;;;10457.0;10.4;1.0;1.0;AA-;;
;;Baa1.ru;ruBBB+;;Совкомбанк;;271.0;«Максимальный доход»;5000.0;;1.0;;;10250.0;10.25;1.0;0.0;;AA-;A+
;;Baa1.ru;ruBBB+;;Совкомбанк;;365.0;«Постоянный доход (с возможностью досрочного расторжения каждые 12 месяцев)»;5000.0;;;1.0;;10200.0;10.2;1.0;0.0;;AA-;A+
;;Baa1.ru;ruBBB+;;Совкомбанк;1.0;365.0;«Проценты на проценты (с возможностью досрочного расторжения каждые 12 месяцев)»;5000.0;;1.0;;;10691.0;10.2;1.0;0.0;;AA-;A+
;;Baa1.ru;ruA-;;Внешпромбанк;;367.0;«Новый стандартный»;100000.0;;1.0;;;10206.0;10.15;1.0;0.0;AA-;;
;AA-(rus);A1.ru;ruAA-;;Московский Кредитный Банк;;380.0;«Сберегательный +»;1000.0;;1.0;;;10411.0;10.0;;0.0;;AA+;A++
;;Baa1.ru;ruBBB+;;Совкомбанк;;271.0;«Постоянный доход»;5000.0;;;1.0;;10000.0;10.0;1.0;0.0;;AA-;A+
;;Baa1.ru;ruBBB+;;Совкомбанк;1.0;271.0;«Проценты на проценты»;5000.0;;1.0;;;10471.0;10.0;1.0;0.0;;AA-;A+
;;;;;Национальный Банк «Траст»;;366.0;«Почетный клиент 2014»;100000.0;;1.0;;;10027.0;10.0;1.0;1.0;;A-;A
;;;;;Национальный Банк «Траст»;;366.0;«Траст - лидер 2014»;100000.0;;1.0;;;10027.0;10.0;1.0;0.0;;A-;A
;;Baa1.ru;ruA-;;Внешпромбанк;1.0;367.0;«Новый регулярный»;100000.0;;;;1.0;10063.0;9.65;1.0;0.0;AA-;;
A+;;Baa3.ru;;;Татфондбанк;1.0;367.0;«Вклад для тех, кто  копит»;100000.0;;;1.0;;9763.0;9.3;1.0;0.0;;;A
;;Ba1.ru;ruA-;;Бинбанк;;366.0;«Двойная выгода (в конце срока)»;10000.0;;1.0;;;9275.0;9.25;1.0;1.0;AA;AA;A+
;AA-(rus);A1.ru;ruAA-;1.0;Московский Кредитный Банк;1.0;370.0;«Расчетный Онлайн»;20000.0;;1.0;;;9791.0;9.25;;1.0;;AA+;A++
;;;;;Московский Индустриальный Банк;;365.0;«Классический»;30000.0;;1.0;;;9250.0;9.25;;0.0;;;A
;;;;;Московский Индустриальный Банк;1.0;366.0;«Зимний»;30000.0;;1.0;;;9680.0;9.25;;1.0;;;A
;A-(rus);A3.ru;ruA;;Русский Стандарт;;360.0;«Высокий процент On-line»;100000.0;;1.0;;;9123.0;9.25;1.0;1.0;AA+;AA-;
;A+(rus);A2.ru;;;Ак Барс;1.0;372.0;«Твори добро»;10000.0;;;1.0;;9680.0;9.1;1.0;1.0;;AA-;
;;Ba1.ru;ruA-;;Бинбанк;1.0;400.0;«Верные друзья»;30000.0;;;;1.0;10311.0;9.05;;0.0;AA;AA;A+
;;Aa3.ru;;;Хоум Кредит Банк;1.0;365.0;«Доходный год »;1000.0;;;1.0;;9381.0;9.0;1.0;0.0;;;
;;;;;Национальный Банк «Траст»;;181.0;«Мультивалютный 2014»;3000.0;;1.0;;;9000.0;9.0;1.0;0.0;;A-;A
;AA-(rus);Aa2.ru;;;ОТП Банк;;366.0;«Теплое отношение»;5000.0;;1.0;;;9025.0;9.0;1.0;0.0;;;
A+;;Baa3.ru;;;Татфондбанк;;368.0;«Вклад для тех, кто с нами»;5000.0;;;;1.0;9074.0;9.0;1.0;0.0;;;A
;;Ba1.ru;ruA-;;Бинбанк;;366.0;«Доходный +»;10000.0;;1.0;;;9025.0;9.0;;0.0;AA;AA;A+
;AA-(rus);A1.ru;ruAA;;Связь-Банк;1.0;365.0;«Чемпион (при открытии через интернет-банк)»;15000.0;;;1.0;;9381.0;9.0;1.0;1.0;;;
;BBB(rus);Baa1.ru;;;Новикомбанк;1.0;367.0;«Детский»;30000.0;;1.0;;;9054.0;9.0;1.0;1.0;;;A+
;A+(rus);A2.ru;;;Ак Барс;;372.0;«Добрые традиции»;100000.0;;1.0;;;9173.0;9.0;;0.0;;AA-;
;A+(rus);Aa3.ru;;;НОМОС-Банк;;365.0;«Номос - счастливый год»;10000.0;;1.0;;;8900.0;8.9;;0.0;AAA;AA;
;;Ba1.ru;ruA-;;Бинбанк;;366.0;«Двойная выгода (ежемесячно)»;10000.0;;;1.0;;8924.0;8.9;1.0;1.0;AA;AA;A+
;;A2.ru;ruA;;Петрокоммерц;;360.0;«Накопление Максимум»;30000.0;;1.0;;;8778.0;8.9;1.0;0.0;;AA-;A+
A+;;Baa3.ru;;;Татфондбанк;;367.0;«Вклад для тех,  кто молод и активен»;100000.0;;1.0;;;8848.0;8.8;1.0;0.0;;;A
;AA-(rus);A1.ru;ruAA;;Связь-Банк;1.0;365.0;«Растущий резерв»;5000.0;;;;1.0;9052.0;8.76;;0.0;;;
;;Baa3.ru;;1.0;СМП Банк;1.0;365.0;«Премиальный»;1000.0;;;1.0;;9110.0;8.75;;1.0;AA;;
;;Baa3.ru;;1.0;СМП Банк;1.0;365.0;«Финансовый множитель Platinum»;1000.0;;;1.0;;9110.0;8.75;;1.0;AA;;
;AA-(rus);A1.ru;ruAA-;1.0;Московский Кредитный Банк;1.0;370.0;«Расчетный»;20000.0;;1.0;;;9240.0;8.75;;0.0;;AA+;A++
;A-(rus);A3.ru;ruA;;Русский Стандарт;;360.0;«Высокий процент»;30000.0;;1.0;;;8630.0;8.75;1.0;0.0;AA+;AA-;
;A-(rus);A3.ru;ruA;1.0;Русский Стандарт;;360.0;«Удобный On-line»;100000.0;;1.0;;;8630.0;8.75;;1.0;AA+;AA-;
;AA-(rus);A1.ru;ruAA;;Связь-Банк;1.0;365.0;«Чемпион»;15000.0;;;1.0;;9055.0;8.7;1.0;1.0;;;
;;;ruA;;Банк «Открытие»;1.0;367.0;«Новогодний фристайл 2014»;50000.0;;;1.0;;9053.0;8.65;1.0;1.0;AA;;
;A+(rus);A2.ru;;;Ак Барс;;372.0;«Высокий результат»;10000.0;;1.0;;;8796.0;8.63;1.0;0.0;;AA-;
;A(rus);A1.ru;;;РосЕвроБанк;1.0;331.0;«Удобная дата»;50000.0;;;1.0;;8947.0;8.6;;0.0;AA-;;
;;;ruA;;Банк «Открытие»;;367.0;«Классика»;100000.0;;1.0;;;8647.0;8.6;;0.0;AA;;
A+;;Baa3.ru;;;Татфондбанк;;367.0;«Вклад для тех, кто распределяет валюту »;1500.0;;1.0;;;8547.0;8.5;1.0;0.0;;;A
;;;;;Уралсиб;1.0;367.0;«Уралсиб. 25 лет»;10000.0;1.0;;;;8921.0;8.5;1.0;1.0;;AA-;
A+;;Baa3.ru;;1.0;Татфондбанк;;367.0;«Вклад для тех, кто  всегда on-line»;100000.0;;1.0;;;8547.0;8.5;;1.0;;;A
;;A2.ru;;;Восточный Экспресс Банк;1.0;367.0;«Рождественский»;100000.0;;;1.0;;8890.0;8.5;;0.0;;;A+
;;;ruAAA;;Банк Москвы;;400.0;«Годовой бонус»;100000.0;;1.0;;;9315.0;8.5;;1.0;;AA+;
;AAA(rus);Aaa.ru;;;Россельхозбанк;;365.0;«Классический online»;3000.0;;1.0;;;8450.0;8.45;;1.0;;;
;;Baa3.ru;;;СМП Банк;;365.0;«Аэробонус»;25000.0;;;1.0;;8450.0;8.45;1.0;0.0;AA;;
;A+(rus);Aa3.ru;;;Кредит Европа Банк;;368.0;«Срочный»;100000.0;;1.0;;;8519.0;8.45;;0.0;;BBB+;
;;Baa3.ru;;1.0;СМП Банк;;365.0;«Стратег»;10000.0;;1.0;;;8400.0;8.4;;1.0;AA;;
;;A2.ru;ruA;;Петрокоммерц;1.0;360.0;«Классика»;30000.0;;;1.0;;8607.0;8.4;;0.0;;AA-;A+
;A+(rus);A2.ru;;;Ак Барс;;367.0;«Мультивалютный»;100000.0;;1.0;;;8396.0;8.35;1.0;0.0;;AA-;
;A+(rus);Aa3.ru;;1.0;Кредит Европа Банк;;368.0;«Накопительный»;100000.0;;1.0;;;8419.0;8.35;;0.0;;BBB+;
;A+(rus);;;;Зенит;;366.0;«Срочный»;1000.0;;1.0;;;8273.0;8.25;;0.0;;AA-;
;AAA(rus);Aaa.ru;;;Россельхозбанк;;365.0;«Классический»;3000.0;;1.0;;;8250.0;8.25;;0.0;;;
;BBB(rus);Baa1.ru;;;Новикомбанк;;365.0;«Доход»;10000.0;;1.0;;;8250.0;8.25;1.0;0.0;;;A+
;;;;;Московский Индустриальный Банк;1.0;365.0;«Накопительный +»;10000.0;;1.0;;;8569.0;8.25;1.0;0.0;;;A
;A+(rus);;;;Банк «Санкт-Петербург»;;367.0;«Депозит online»;10000.0;;1.0;;;8295.0;8.25;;1.0;;;A++
;A+(rus);;;;Банк «Санкт-Петербург»;;367.0;«Стратег online»;10000.0;;1.0;;;8295.0;8.25;1.0;1.0;;;A++
;A-(rus);A3.ru;ruA;1.0;Русский Стандарт;;360.0;«Удобный»;30000.0;;1.0;;;8137.0;8.25;;0.0;AA+;AA-;
;;Ba1.ru;ruA-;;Бинбанк;;365.0;«Мультивалютный»;30000.0;;1.0;;;8250.0;8.25;1.0;0.0;AA;AA;A+
;;;;;Московский Индустриальный Банк;1.0;181.0;«Накопительный»;100000.0;;;1.0;;8569.0;8.25;1.0;0.0;;;A
;;;;;Московский Индустриальный Банк;1.0;181.0;«Накопительный – Телебанк»;100000.0;;;1.0;;8569.0;8.25;1.0;1.0;;;A
;A-(rus);A3.ru;ruA;;Русский Стандарт;1.0;360.0;«Рантье Оn-line»;100000.0;;;1.0;;8447.0;8.25;1.0;1.0;AA+;AA-;
;;Baa1.ru;;;Росгосстрах Банк;;367.0;«Классический»;100000.0;;1.0;;;8295.0;8.25;;0.0;;;A
;;;ruA;;Банк «Открытие»;;365.0;«Проще простого»;100000.0;;1.0;;;8200.0;8.2;1.0;0.0;AA;;
;A+(rus);Aa3.ru;;;НОМОС-Банк;1.0;365.0;«Номос - максимальный»;10000.0;;;1.0;;8461.0;8.15;;0.0;AAA;AA;
;A+(rus);;;;Банк «Санкт-Петербург»;;367.0;«Рантье online»;50000.0;;;1.0;;8195.0;8.15;;1.0;;;A++
;;;ruAA-;;Россия;;367.0;«Морозные узоры стандарт»;100000.0;;1.0;;;8195.0;8.15;1.0;1.0;;;A++
;;Baa3.ru;;1.0;СМП Банк;1.0;365.0;«Банкоматный»;1000.0;;;1.0;;8408.0;8.1;;0.0;AA;;
;;;;;;;;;;;;;;;;;;;;
;;;;;Уралсиб;;367.0;«Достойный дом детям!»;5000.0;;;;1.0;8144.0;8.1;1.0;1.0;;AA-;
;;;ruA;;Банк «Открытие»;;365.0;«Мультивалютный»;30000.0;;;1.0;;8100.0;8.1;1.0;0.0;AA;;
;A(rus);A1.ru;;;РосЕвроБанк;1.0;367.0;«Накопительный Плюс»;50000.0;;;;1.0;8397.0;8.1;1.0;0.0;AA-;;
;AAA(rus);Aaa.ru;;;Россельхозбанк;1.0;365.0;«Накопительный online»;100000.0;;;1.0;;8408.0;8.1;1.0;1.0;;;
;;Baa3.ru;;1.0;СМП Банк;1.0;365.0;«Финансовый множитель»;1000.0;;;1.0;;8300.0;8.0;;0.0;AA;;
;;Baa1.ru;;;Росгосстрах Банк;;367.0;«Накопительный»;3000.0;;1.0;;;8044.0;8.0;1.0;0.0;;;A
;A+(rus);;;;Банк «Санкт-Петербург»;;367.0;«Депозит»;5000.0;;1.0;;;8044.0;8.0;;0.0;;;A++
;A-(rus);;;;МТС-Банк;;366.0;«Высокий доход»;10000.0;;1.0;;;8022.0;8.0;;0.0;;AA-;
;BBB(rus);Baa1.ru;;1.0;Новикомбанк;1.0;367.0;«Старт»;10000.0;;;1.0;;8347.0;8.0;;0.0;;;A+
;;Baa1.ru;ruA-;1.0;Внешпромбанк;1.0;273.0;«Новый удобный»;100000.0;;;;1.0;8243.0;8.0;;0.0;AA-;;
;;;ruA;1.0;Банк «Открытие»;;367.0;«Свобода выбора»;100000.0;;1.0;;;8044.0;8.0;;0.0;AA;;
;AAA(rus);Aaa.ru;;;Росбанк;;365.0;«Зимний»;15000.0;;1.0;;;7950.0;7.95;;1.0;;AAA;
;AAA(rus);Aaa.ru;;;Россельхозбанк;1.0;365.0;«Накопительный»;100000.0;;;1.0;;8192.0;7.9;1.0;0.0;;;
;;;;;Уралсиб;;367.0;«Мультивалютный»;100000.0;;;1.0;;7943.0;7.9;1.0;1.0;;AA-;
;AA-(rus);;ruAA-;;Глобэкс;;367.0;«Точный расчет»;100000.0;;1.0;;;7943.0;7.9;;0.0;;;
;AAA(rus);Aaa.ru;;;Россельхозбанк;1.0;365.0;«Детский»;100000.0;;1.0;;;8139.0;7.85;1.0;1.0;;;
;;;;;Уралсиб;1.0;367.0;«Стабильный»;10000.0;;;1.0;;8131.0;7.8;1.0;0.0;;AA-;
;;A2.ru;ruA;;Петрокоммерц;1.0;360.0;«Накопление»;30000.0;;1.0;;;7918.0;7.8;1.0;0.0;;AA-;A+
;;;ruAA;;Промсвязьбанк;;367.0;«Моя выгода (онлайн)»;50000.0;;1.0;;;7843.0;7.8;;0.0;AA+;AA-;
;;;;1.0;Национальный Банк «Траст»;;181.0;«Все включено 2014»;100000.0;;1.0;;;7800.0;7.8;;0.0;;A-;A
;A+(rus);;;;Банк «Санкт-Петербург»;;367.0;«Стратег»;5000.0;;1.0;;;7792.0;7.75;1.0;0.0;;;A++
;;Aaa.ru;;;ВТБ 24;;395.0;«Доходный — Банкомат»;5000.0;;1.0;;;8387.0;7.75;;1.0;;AAA;
;A-(rus);A3.ru;ruA;;Русский Стандарт;1.0;360.0;«Рантье »;30000.0;;;1.0;;7917.0;7.75;1.0;0.0;AA+;AA-;
;;A1.ru;;1.0;Транскапиталбанк;1.0;370.0;«Зима. Теплый процент»;50000.0;;;1.0;;8146.0;7.75;;1.0;;;A++
;A+(rus);;;;Банк «Санкт-Петербург»;;367.0;«Рантье»;50000.0;;;1.0;;7742.0;7.7;;0.0;;;A++
;;;;;;;;;;;;;;;;;;;;
;AA+(rus);;ruAA+;;Альфа-Банк;;365.0;«Линия жизни»;50000.0;;;1.0;;7600.0;7.6;;1.0;AAA;AAA;
;;Aa3.ru;ruAA-;;Возрождение;1.0;367.0;«Возрождение - Доходный с ежемесячными выплатами»;100000.0;;;1.0;;7915.0;7.6;1.0;0.0;;AA;
;AA-(rus);;ruAA-;;Глобэкс;;367.0;«Накопительный»;100000.0;;1.0;;;7642.0;7.6;1.0;0.0;;;
;;Aa3.ru;ruAA-;1.0;Возрождение;1.0;365.0;«Комфортный »;3000.0;;;1.0;;7763.0;7.5;;0.0;;AA;
;A-(rus);;;;МТС-Банк;;366.0;«Корпоративный»;5000.0;;1.0;;;7521.0;7.5;1.0;1.0;;AA-;
;A+(rus);Aa3.ru;;;НОМОС-Банк;1.0;365.0;«Номос - накопительный»;10000.0;;;1.0;;7763.0;7.5;1.0;0.0;AAA;AA;
;A+(rus);;;;Зенит;;366.0;«Детский»;15000.0;;1.0;;;7521.0;7.5;1.0;1.0;;AA-;
;;Baa1.ru;;;Росгосстрах Банк;1.0;367.0;«Мультивалютный»;30000.0;;;1.0;;7808.0;7.5;1.0;0.0;;;A
;;;ruAA;;Промсвязьбанк;;367.0;«Моя выгода»;50000.0;;1.0;;;7541.0;7.5;;0.0;AA+;AA-;
A+;;Baa3.ru;;1.0;Татфондбанк;;367.0;«Вклад для тех, кто управляет»;100000.0;;1.0;;;7541.0;7.5;;1.0;;;A
;AA-(rus);;ruAA-;1.0;Глобэкс;1.0;367.0;«Рантье»;100000.0;;;1.0;;7808.0;7.5;;0.0;;;
;A+(rus);Aa3.ru;;;Кредит Европа Банк;;368.0;«Рантье»;100000.0;;;1.0;;7511.0;7.45;;0.0;;BBB+;
;AA+(rus);;ruAA+;;Альфа-Банк;1.0;365.0;«Победа»;10000.0;;1.0;;;7656.0;7.4;;0.0;AAA;AAA;
;AA+(rus);;ruAA+;;Альфа-Банк;;365.0;«Премия»;10000.0;;;1.0;;7400.0;7.4;;0.0;AAA;AAA;
;AA-(rus);A1.ru;ruAA;;Связь-Банк;1.0;367.0;«Пополняемый резерв»;50000.0;;;;1.0;7652.0;7.4;1.0;0.0;;;
;;Baa1.ru;;1.0;Росгосстрах Банк;1.0;367.0;«Универсальный»;50000.0;;;1.0;;7646.0;7.35;;0.0;;;A
;;;ruAA-;;Россия;1.0;365.0;«Классический standart»;100000.0;;;1.0;;7603.0;7.35;1.0;0.0;;;A++
;;Baa1.ru;ruA-;;Внешпромбанк;1.0;367.0;«Новый бонусный»;100000.0;;;;1.0;7598.0;7.35;1.0;0.0;AA-;;
;AAA(rus);Aaa.ru;;;Росбанк;1.0;365.0;«Выгодный»;50000.0;;;1.0;;7549.0;7.3;1.0;0.0;;AAA;
;A+(rus);;;1.0;Зенит;1.0;366.0;«Накопительный»;30000.0;;;1.0;;7517.0;7.25;;0.0;;AA-;
;A+(rus);;;1.0;Зенит;1.0;395.0;«Прогрессивный»;30000.0;;;1.0;;8137.0;7.25;;0.0;;AA-;
;;;;1.0;Московский Индустриальный Банк;1.0;366.0;«Универсальный – Телебанк»;100000.0;;;1.0;;7517.0;7.25;;1.0;;;A
;;;;1.0;Московский Индустриальный Банк;1.0;366.0;«Универсальный Кошелек»;100000.0;;;1.0;;7517.0;7.25;;0.0;;;A
;AAA(rus);;;;Нордеа Банк;;365.0;«Доходный»;3000.0;;;1.0;;7200.0;7.2;;0.0;;;
;;A2.ru;ruA;1.0;Петрокоммерц;;360.0;«Оптимум Плюс (с расходом средств 20%)»;30000.0;;1.0;;;7101.0;7.2;;0.0;;AA-;A+
;A+(rus);Aa3.ru;;;Кредит Европа Банк;1.0;368.0;«Растущий Доход»;30000.0;;1.0;;;7269.0;7.02;;0.0;;BBB+;
;;;ruA-;1.0;Уральский Банк Реконструкции и Развития;1.0;360.0;«Управляемый»;1.0;;;1.0;;7127.0;7.0;;0.0;AA;;
;;;;;Московский Индустриальный Банк;1.0;181.0;«Мультивалютный»;10000.0;;1.0;;;7229.0;7.0;1.0;0.0;;;A
;A-(rus);;;;МТС-Банк;1.0;366.0;«Накопительный»;10000.0;;;1.0;;7250.0;7.0;1.0;0.0;;AA-;
;A+(rus);;;;Зенит;;365.0;«Мультивалютный»;15000.0;;1.0;;;7000.0;7.0;1.0;0.0;;AA-;
;AAA(rus);;;;ЮниКредит Банк;1.0;368.0;«Клик Депозит»;15000.0;;;1.0;;7291.0;7.0;1.0;1.0;;;
;AAA(rus);;;;ЮниКредит Банк;1.0;368.0;«Снежный процент»;15000.0;;;1.0;;7291.0;7.0;1.0;1.0;;;
;A-(rus);;;1.0;МТС-Банк;1.0;366.0;«Мобильный»;30000.0;;;1.0;;7250.0;7.0;;0.0;;AA-;
;AAA(rus);;;;Нордеа Банк;;365.0;«Капитал»;3000.0;;1.0;;;6950.0;6.95;;0.0;;;
;AAA(rus);Aaa.ru;;1.0;Россельхозбанк;1.0;365.0;«Управляемый»;100000.0;;;1.0;;7176.0;6.95;;0.0;;;
;A+(rus);;;1.0;Банк «Санкт-Петербург»;1.0;367.0;«Престиж online»;50000.0;;1.0;;;7015.0;6.8;;0.0;;;A++
;;;;1.0;Уралсиб;1.0;367.0;«Бизнес - класс»;100000.0;;1.0;;;7015.0;6.8;;0.0;;AA-;
;A+(rus);Aa3.ru;;;НОМОС-Банк;;365.0;«Номос - мультивалютный»;10000.0;;1.0;;;6750.0;6.75;1.0;1.0;AAA;AA;
;AA+(rus);Aaa.ru;ruAAA;;Газпромбанк;;367.0;«Газпромбанк — Срочный Плюс»;1000.0;;1.0;;;6737.0;6.7;;0.0;;AAA;A++
;AA+(rus);Aaa.ru;ruAAA;;Газпромбанк;;367.0;«Газпромбанк - Прогрессивный»;15000.0;;1.0;;;6737.0;6.7;1.0;0.0;;AAA;A++
;;A2.ru;ruA;1.0;Петрокоммерц;;360.0;«Оптимум Плюс (с расходом средств 50%)»;30000.0;;1.0;;;6608.0;6.7;;0.0;;AA-;A+
;;;ruAAA;;Банк Москвы;1.0;366.0;«Максимальный доход»;1000.0;;;1.0;;6823.0;6.6;;0.0;;AA+;
;AAA(rus);;;;ЮниКредит Банк;1.0;368.0;«Классический»;10000.0;;;1.0;;6861.0;6.6;;0.0;;;
;A(rus);A1.ru;;1.0;РосЕвроБанк;1.0;367.0;«Свободный»;50000.0;;;1.0;;6842.0;6.6;;0.0;AA-;;
;AA-(rus);Aa2.ru;;1.0;ОТП Банк;1.0;366.0;«Гибкий подход»;100000.0;;;1.0;;6823.0;6.6;;0.0;;;
;AAA(rus);Aaa.ru;;;Росбанк;;365.0;«Мультивалютный»;30000.0;;1.0;;;6500.0;6.5;1.0;0.0;;AAA;
;;;ruAA;1.0;Промсвязьбанк;1.0;367.0;«Мои возможности (онлайн)»;50000.0;;;1.0;;6735.0;6.5;;0.0;AA+;AA-;
;;;ruAA-;1.0;Россия;;367.0;«Универсальный стандарт (в конце срока)»;100000.0;;1.0;;;6536.0;6.5;;0.0;;;A++
;AAA(rus);Aaa.ru;;1.0;Росбанк;1.0;366.0;«Эталон Юниор +»;1000.0;;;1.0;;6663.0;6.45;;1.0;;AAA;
;A+(rus);;;1.0;Банк «Санкт-Петербург»;1.0;367.0;«Престиж»;50000.0;;;;1.0;6645.0;6.45;;0.0;;;A++
;AAA(rus);Aaa.ru;;;Сбербанк России;1.0;365.0;«Подари жизнь»;10000.0;;;;1.0;6555.0;6.4;;1.0;;;
;AA+(rus);;ruAA+;;Альфа-Банк;1.0;365.0;«Премьер»;10000.0;;1.0;;;6591.0;6.4;1.0;0.0;AAA;AAA;
;AAA(rus);;;;ЮниКредит Банк;1.0;368.0;«Накопительный»;10000.0;;;1.0;;6647.0;6.4;1.0;0.0;;;
;A+(rus);;;;Банк «Санкт-Петербург»;1.0;367.0;«Тринадцатая зарплата»;3000.0;;;1.0;;6522.0;6.3;1.0;1.0;;;A++
;;Aaa.ru;;;ВТБ 24;;181.0;«Доходный — Телебанк»;10000.0;;1.0;;;6300.0;6.3;;1.0;;AAA;
;AAA(rus);;;;Нордеа Банк;;365.0;«Накопительный»;3000.0;;1.0;;;6200.0;6.2;1.0;0.0;;;
;AAA(rus);;;1.0;ЮниКредит Банк;1.0;368.0;«Универсальный»;10000.0;;;1.0;;6433.0;6.2;;0.0;;;
;;;ruAA;1.0;Промсвязьбанк;1.0;367.0;«Мои возможности»;50000.0;;;1.0;;6415.0;6.2;;0.0;AA+;AA-;
;AAA(rus);Aaa.ru;;;Сбербанк России;1.0;365.0;«Сохраняй Онлайн»;100000.0;;;1.0;;6326.0;6.15;;1.0;;;
;AAA(rus);Aaa.ru;ruAAA;;Райффайзенбанк;1.0;365.0;«Р-Коннект деньги в рост!»;5000.0;;1.0;;;6273.0;6.1;1.0;1.0;;;
;;Aaa.ru;;;ВТБ 24;1.0;395.0;«Целевой — Телебанк»;10000.0;;;1.0;;6806.0;6.1;1.0;1.0;;AAA;
;;;ruAA-;1.0;Россия;;367.0;«Универсальный стандарт (ежемесячно)»;100000.0;;;1.0;;6133.0;6.1;;0.0;;;A++
;;A2.ru;ruA;;Петрокоммерц;;360.0;«Правильный курс»;30000.0;;1.0;;;5967.0;6.05;;0.0;;AA-;A+
;AAA(rus);Aaa.ru;;1.0;Росбанк;;365.0;«Оптимальный»;50000.0;;;1.0;;6050.0;6.05;;0.0;;AAA;
;AA+(rus);Aaa.ru;ruAAA;;Газпромбанк;;367.0;«Газпромбанк — Индивидуальный план»;3000.0;;1.0;;;6033.0;6.0;1.0;0.0;;AAA;A++
;A-(rus);;;;МТС-Банк;;366.0;«Мультивалютный»;30000.0;;1.0;;;6016.0;6.0;1.0;0.0;;AA-;
;;Aa3.ru;ruAA-;;Возрождение;;365.0;«Мультивалютный»;50000.0;;1.0;;;5900.0;5.9;1.0;0.0;;AA;
;AAA(rus);Aaa.ru;;;Сбербанк России;1.0;365.0;«Сохраняй»;100000.0;;;1.0;;6062.0;5.9;;0.0;;;
;AAA(rus);Aaa.ru;;;Сбербанк России;1.0;365.0;«Пополняй Онлайн»;100000.0;;;1.0;;6009.0;5.85;1.0;1.0;;;
;;;ruAAA;1.0;Банк Москвы;1.0;366.0;«Максимальный рост»;1000.0;;;1.0;;5868.0;5.7;;0.0;;AA+;
;AAA(rus);;;1.0;Нордеа Банк;1.0;365.0;«Универсальный»;30000.0;;;;1.0;5823.0;5.7;;0.0;;;
;;Aaa.ru;;1.0;ВТБ 24;1.0;395.0;«Комфортный — Телебанк»;50000.0;;;1.0;;6347.0;5.7;;1.0;;AAA;
;AA+(rus);;ruAA+;;Альфа-Банк;1.0;365.0;«Мультивалютный»;100000.0;;1.0;;;5851.0;5.7;1.0;0.0;AAA;AAA;
;AA+(rus);Aaa.ru;ruAAA;1.0;Газпромбанк;;367.0;«Газпромбанк — Оптимальный»;20000.0;;1.0;;;5681.0;5.65;;0.0;;AAA;A++
;AA+(rus);;ruAA+;1.0;Альфа-Банк;1.0;365.0;«Потенциал»;10000.0;;1.0;;;5746.0;5.6;;0.0;AAA;AAA;
;AAA(rus);Aaa.ru;ruAAA;;Райффайзенбанк;1.0;366.0;«Личный выбор»;15000.0;;;1.0;;5762.0;5.6;1.0;0.0;;;
;AAA(rus);Aaa.ru;ruAAA;;Райффайзенбанк;;366.0;«Мультивалютный»;50000.0;;1.0;;;5615.0;5.6;1.0;0.0;;;
;AAA(rus);Aaa.ru;;;Сбербанк России;1.0;365.0;«Пополняй»;100000.0;;;1.0;;5746.0;5.6;1.0;0.0;;;
;AAA(rus);Aaa.ru;ruAAA;1.0;Райффайзенбанк;;366.0;«Свобода действий»;100000.0;;1.0;;;5615.0;5.6;;0.0;;;
;AA+(rus);Aaa.ru;ruAAA;;Газпромбанк;1.0;367.0;«Газпромбанк — Рантье Плюс»;10000.0;;;1.0;;5726.0;5.55;;0.0;;AAA;A++
;A+(rus);;;1.0;Зенит;1.0;366.0;«Юбилейный»;30000.0;;;1.0;;5657.0;5.5;;0.0;;AA-;
;AAA(rus);;;1.0;Нордеа Банк;1.0;365.0;«Универсальный +»;30000.0;;;;1.0;5562.0;5.45;;0.0;;;
;AA+(rus);Aaa.ru;ruAAA;;Газпромбанк;;366.0;«Газпромбанк — Жилищный»;30000.0;;1.0;;;5415.0;5.4;1.0;0.0;;AAA;A++
;AAA(rus);Aaa.ru;;;Сбербанк России;1.0;365.0;«Мультивалютный»;100000.0;;;;1.0;5510.0;5.4;1.0;0.0;;;
;AAA(rus);Aaa.ru;;1.0;Сбербанк России;1.0;365.0;«Управляй Онлайн»;100000.0;;;1.0;;5378.0;5.25;;1.0;;;
;;A2.ru;ruA;1.0;Петрокоммерц;;360.0;«Оптимум»;30000.0;;1.0;;;4932.0;5.0;;0.0;;AA-;A+
;AAA(rus);Aaa.ru;;1.0;Сбербанк России;1.0;365.0;«Управляй»;100000.0;;;1.0;;5116.0;5.0;;0.0;;;
;;;ruAAA;1.0;Банк Москвы;1.0;366.0;«Максимальный комфорт»;1000.0;;;1.0;;4973.0;4.85;;0.0;;AA+;
;AA-(rus);A1.ru;ruAA-;;Московский Кредитный Банк;1.0;1.0;«На всякий случай»;1.0;;1.0;;;4594.0;4.5;1.0;0.0;;AA+;A++
;AAA(rus);;;;Ситибанк;;360.0;«Срочный»;15000.0;;1.0;;;4438.0;4.5;;0.0;;;
;;Aaa.ru;;;ВТБ 24;1.0;181.0;«Специальный»;15000.0;;1.0;;;4282.0;4.2;1.0;1.0;;AAA;
;;Aaa.ru;;;ВТБ 24;1.0;181.0;«Свобода выбора»;15000.0;;1.0;;;4074.0;4.0;1.0;0.0;;AAA;
;AAA(rus);Aaa.ru;ruAAA;1.0;Райффайзенбанк;;366.0;«Универсальный»;15000.0;;1.0;;;4011.0;4.0;;0.0;;;
;;Aaa.ru;;1.0;ВТБ 24;1.0;395.0;«Активный»;15000.0;;;1.0;;4079.0;3.7;;0.0;;AAA;
